id,hypers,f1_score
1,"{'adam_eps': 4.231921981517087e-05, 'adam_mom': 0.8358056477929626, 'adam_sqr_mom': 0.9730250834767838, 'adam_wd': 0.01684335237059458, 'arc_easymargin': True, 'arcface_m': 0.5433547773162193, 'arcface_s': 40.14181670936309, 'bert_path': 'indobenchmark/indobert-base-p2', 'droput_p': 0.11219206117694865, 'embs_dim': 768, 'experiment_id': 1, 'label_smooth': 0.12433243824230805, 'lr': 0.007057044503709692, 'lr_mult': 55.0, 'tokens_max_length': 77, 'train_epochs': 12, 'train_freeze_epochs': 2, 'use_argmargin': True}",0.8149011109470431
2,"{'adam_eps': 3.63862743088688e-05, 'adam_mom': 0.9314965488617603, 'adam_sqr_mom': 0.992752688566016, 'adam_wd': 0.01095422972643536, 'arc_easymargin': True, 'arcface_m': 0.6533228581159545, 'arcface_s': 37.88737760218498, 'bert_path': 'indobenchmark/indobert-base-p2', 'droput_p': 0.2583432677412957, 'embs_dim': 768, 'experiment_id': 2, 'label_smooth': 0.019639604972769155, 'lr': 0.0013260147895549212, 'lr_mult': 96.0, 'tokens_max_length': 41, 'train_epochs': 12, 'train_freeze_epochs': 1, 'use_argmargin': True}",0.8035378896136752
3,"{'adam_eps': 4.6220876107919754e-05, 'adam_mom': 0.8426321884889587, 'adam_sqr_mom': 0.9812296862808916, 'adam_wd': 0.04003073896477199, 'arc_easymargin': True, 'arcface_m': 0.35987887619440595, 'arcface_s': 45.18871009099535, 'bert_path': 'indobenchmark/indobert-base-p2', 'droput_p': 0.15852783516512697, 'embs_dim': 768, 'experiment_id': 3, 'label_smooth': 0.16652082699722934, 'lr': 0.0010623157376901796, 'lr_mult': 61.0, 'tokens_max_length': 33, 'train_epochs': 12, 'train_freeze_epochs': 1, 'use_argmargin': True}",0.793954146163643
4,"{'adam_eps': 3.2370295377586055e-05, 'adam_mom': 0.9093648220111759, 'adam_sqr_mom': 0.9509724090321451, 'adam_wd': 0.027481845216058988, 'arc_easymargin': True, 'arcface_m': 0.24259444443368133, 'arcface_s': 10.45709649064927, 'bert_path': 'indobenchmark/indobert-base-p2', 'droput_p': 0.3253363775418151, 'embs_dim': 768, 'experiment_id': 4, 'label_smooth': 0.05909503667996183, 'lr': 0.009761898351085544, 'lr_mult': 69.0, 'tokens_max_length': 40, 'train_epochs': 12, 'train_freeze_epochs': 3, 'use_argmargin': True}",0.7892292757155603
5,"{'adam_eps': 4.5888398354335194e-05, 'adam_mom': 0.80110927221055, 'adam_sqr_mom': 0.9875536458171994, 'adam_wd': 0.007901741549653604, 'arc_easymargin': True, 'arcface_m': 0.6535549741486119, 'arcface_s': 31.82469336064253, 'bert_path': 'indobenchmark/indobert-base-p2', 'droput_p': 0.14947760684346653, 'embs_dim': 768, 'experiment_id': 5, 'label_smooth': 0.07761920122796713, 'lr': 0.004504622611407235, 'lr_mult': 76.0, 'tokens_max_length': 61, 'train_epochs': 12, 'train_freeze_epochs': 3, 'use_argmargin': True}",0.8134440065117907
6,"{'adam_eps': 6.52066955453085e-05, 'adam_mom': 0.8902717526052027, 'adam_sqr_mom': 0.971533225224549, 'adam_wd': 0.010085288881544061, 'arc_easymargin': True, 'arcface_m': 0.6515594077697402, 'arcface_s': 19.55587608690375, 'bert_path': 'indobenchmark/indobert-base-p2', 'droput_p': 0.23516256849339714, 'embs_dim': 768, 'experiment_id': 6, 'label_smooth': 0.1346738044099819, 'lr': 0.004539840349691202, 'lr_mult': 84.0, 'tokens_max_length': 71, 'train_epochs': 12, 'train_freeze_epochs': 2, 'use_argmargin': True}",0.8181496858646627
7,"{'adam_eps': 8.130704049213657e-05, 'adam_mom': 0.8251455826591703, 'adam_sqr_mom': 0.965902847618415, 'adam_wd': 0.008001869614536656, 'arc_easymargin': 0, 'arcface_m': 0.30738321058069396, 'arcface_s': 10.114596536280818, 'bert_path': 'indobenchmark/indobert-base-p2', 'droput_p': 0.281068206481913, 'embs_dim': 768, 'experiment_id': 7, 'label_smooth': 0.02658483882711802, 'lr': 0.006282324902615023, 'lr_mult': 92.0, 'tokens_max_length': 29, 'train_epochs': 12, 'train_freeze_epochs': 2, 'use_argmargin': 1}",0.7834128720443772
8,"{'adam_eps': 9.792081079883443e-05, 'adam_mom': 0.9149135833424772, 'adam_sqr_mom': 0.9794063218618999, 'adam_wd': 0.007192840518750766, 'arc_easymargin': 0, 'arcface_m': 0.24823815533542576, 'arcface_s': 21.971593124237955, 'bert_path': 'indobenchmark/indobert-base-p2', 'droput_p': 0.35942542220101725, 'embs_dim': 768, 'experiment_id': 8, 'label_smooth': 0.14648892109415854, 'lr': 0.004910882134460507, 'lr_mult': 52.0, 'tokens_max_length': 64, 'train_epochs': 12, 'train_freeze_epochs': 1, 'use_argmargin': 1}",0.8181284189969812
9,"{'adam_eps': 4.026371181610928e-05, 'adam_mom': 0.9341799543760333, 'adam_sqr_mom': 0.9940304475027805, 'adam_wd': 0.033192817681291786, 'arc_easymargin': 0, 'arcface_m': 0.17927082550082696, 'arcface_s': 29.51793196671371, 'bert_path': 'indobenchmark/indobert-base-p2', 'droput_p': 0.5834692103520636, 'embs_dim': 768, 'experiment_id': 9, 'label_smooth': 0.08932420061373994, 'lr': 0.004293834845963972, 'lr_mult': 36.0, 'tokens_max_length': 67, 'train_epochs': 12, 'train_freeze_epochs': 1, 'use_argmargin': 0}",0.8195779697078344
10,"{'adam_eps': 5.1019756265974e-05, 'adam_mom': 0.8883808617377127, 'adam_sqr_mom': 0.9775297820978983, 'adam_wd': 0.027690590602932143, 'arc_easymargin': 1, 'arcface_m': 0.30490706143246504, 'arcface_s': 49.61815821566015, 'bert_path': 'indobenchmark/indobert-base-p2', 'droput_p': 0.3965862988021611, 'embs_dim': 768, 'experiment_id': 10, 'label_smooth': 0.03640691342811116, 'lr': 0.00578557252044073, 'lr_mult': 35.0, 'tokens_max_length': 23, 'train_epochs': 12, 'train_freeze_epochs': 1, 'use_argmargin': 0}",0.8071873010543625
11,"{'adam_eps': 2.4625312432972975e-05, 'adam_mom': 0.9490029781882844, 'adam_sqr_mom': 0.9782895280268201, 'adam_wd': 0.015042102691574646, 'arc_easymargin': 1, 'arcface_m': 0.2832945121554911, 'arcface_s': 20.792698356665518, 'bert_path': 'indobenchmark/indobert-base-p2', 'droput_p': 0.528152191393187, 'embs_dim': 768, 'experiment_id': 11, 'label_smooth': 0.08060534609075586, 'lr': 0.0024104151385495624, 'lr_mult': 23.0, 'tokens_max_length': 59, 'train_epochs': 12, 'train_freeze_epochs': 1, 'use_argmargin': 0}",0.8067430047002873
12,"{'adam_eps': 2.118058669173721e-05, 'adam_mom': 0.8800649987312599, 'adam_sqr_mom': 0.9663124103436146, 'adam_wd': 0.017883878266284233, 'arc_easymargin': 1, 'arcface_m': 0.4750653294169318, 'arcface_s': 47.07156112524466, 'bert_path': 'indobenchmark/indobert-base-p2', 'droput_p': 0.25587123759638963, 'embs_dim': 768, 'experiment_id': 12, 'label_smooth': 0.13843971245233896, 'lr': 0.0029282491895136434, 'lr_mult': 28.0, 'tokens_max_length': 27, 'train_epochs': 12, 'train_freeze_epochs': 3, 'use_argmargin': 0}",0.8066049200646622
13,"{'adam_eps': 5.319979998261989e-06, 'adam_mom': 0.8283619713839385, 'adam_sqr_mom': 0.9624369013645725, 'adam_wd': 0.038062797268539963, 'arc_easymargin': 1, 'arcface_m': 0.7890762411241842, 'arcface_s': 40.46423562173352, 'bert_path': 'indobenchmark/indobert-base-p2', 'droput_p': 0.17499538903422968, 'embs_dim': 768, 'experiment_id': 13, 'label_smooth': 0.1950364054673795, 'lr': 0.003488864733378099, 'lr_mult': 47.0, 'tokens_max_length': 46, 'train_epochs': 12, 'train_freeze_epochs': 3, 'use_argmargin': 0}",0.8062830657413912
14,"{'adam_eps': 3.341069927938611e-05, 'adam_mom': 0.8449632880062001, 'adam_sqr_mom': 0.9910500952709501, 'adam_wd': 0.006416461845521736, 'arc_easymargin': 0, 'arcface_m': 0.7648750309356609, 'arcface_s': 29.885739720116632, 'bert_path': 'indobenchmark/indobert-base-p2', 'droput_p': 0.4497950364559189, 'embs_dim': 768, 'experiment_id': 14, 'label_smooth': 0.19420439336237222, 'lr': 0.0017363364136178047, 'lr_mult': 29.0, 'tokens_max_length': 36, 'train_epochs': 12, 'train_freeze_epochs': 1, 'use_argmargin': 1}",0.8175611834995189
15,"{'adam_eps': 8.713723840248676e-05, 'adam_mom': 0.8902443493192351, 'adam_sqr_mom': 0.9922265442085235, 'adam_wd': 0.00830414540048512, 'arc_easymargin': 0, 'arcface_m': 0.5448440203443927, 'arcface_s': 11.306145849754259, 'bert_path': 'indobenchmark/indobert-base-p2', 'droput_p': 0.2543501270128571, 'embs_dim': 768, 'experiment_id': 15, 'label_smooth': 0.146504655286917, 'lr': 0.003783956236250462, 'lr_mult': 78.0, 'tokens_max_length': 63, 'train_epochs': 12, 'train_freeze_epochs': 2, 'use_argmargin': 0}",0.795548694981584
16,"{'adam_eps': 9.246837709129376e-05, 'adam_mom': 0.8148446383839238, 'adam_sqr_mom': 0.9640008642837825, 'adam_wd': 0.006898116067854094, 'arc_easymargin': 1, 'arcface_m': 0.46784464568119066, 'arcface_s': 24.749725232743288, 'bert_path': 'indobenchmark/indobert-base-p2', 'droput_p': 0.18247780000529262, 'embs_dim': 768, 'experiment_id': 16, 'label_smooth': 0.17512609288382908, 'lr': 0.003257438140550994, 'lr_mult': 53.0, 'tokens_max_length': 64, 'train_epochs': 12, 'train_freeze_epochs': 1, 'use_argmargin': 1}",0.8165255905570511
17,"{'adam_eps': 5.59302980191146e-05, 'adam_mom': 0.8566677511045506, 'adam_sqr_mom': 0.9586532007897279, 'adam_wd': 0.03400169986984815, 'arc_easymargin': 0, 'arcface_m': 0.18019108424275843, 'arcface_s': 33.93398835126064, 'bert_path': 'indobenchmark/indobert-base-p2', 'droput_p': 0.3645201904585812, 'embs_dim': 768, 'experiment_id': 17, 'label_smooth': 0.19705464129509975, 'lr': 0.002346676235823233, 'lr_mult': 76.0, 'tokens_max_length': 25, 'train_epochs': 12, 'train_freeze_epochs': 2, 'use_argmargin': 0}",0.8018092752066113
18,"{'adam_eps': 4.1082776341769764e-05, 'adam_mom': 0.9488236892700357, 'adam_sqr_mom': 0.9721428626021249, 'adam_wd': 0.013315981125055394, 'arc_easymargin': 1, 'arcface_m': 0.13180771740065708, 'arcface_s': 10.37419915974272, 'bert_path': 'indobenchmark/indobert-base-p2', 'droput_p': 0.4124191145699482, 'embs_dim': 768, 'experiment_id': 18, 'label_smooth': 0.10555396123723818, 'lr': 0.00954243464114676, 'lr_mult': 66.0, 'tokens_max_length': 79, 'train_epochs': 12, 'train_freeze_epochs': 2, 'use_argmargin': 0}",0.7833855109362586
19,"{'adam_eps': 9.259600992146319e-06, 'adam_mom': 0.9367789778779888, 'adam_sqr_mom': 0.9558008474819863, 'adam_wd': 0.013294224549378952, 'arc_easymargin': 1, 'arcface_m': 0.3253209617534079, 'arcface_s': 23.64134390572364, 'bert_path': 'indobenchmark/indobert-base-p2', 'droput_p': 0.14167584460308172, 'embs_dim': 768, 'experiment_id': 19, 'label_smooth': 0.07621776013471493, 'lr': 0.0015169573093144712, 'lr_mult': 66.0, 'tokens_max_length': 50, 'train_epochs': 12, 'train_freeze_epochs': 2, 'use_argmargin': 0}",0.8063806532354001
20,"{'adam_eps': 4.518139081448776e-06, 'adam_mom': 0.8898728202651697, 'adam_sqr_mom': 0.9600708356655915, 'adam_wd': 0.043541547714039106, 'arc_easymargin': 1, 'arcface_m': 0.2886766668144982, 'arcface_s': 15.784060543489847, 'bert_path': 'indobenchmark/indobert-base-p2', 'droput_p': 0.1891381176424347, 'embs_dim': 768, 'experiment_id': 20, 'label_smooth': 0.11901399189630102, 'lr': 0.006933632077201424, 'lr_mult': 96.0, 'tokens_max_length': 34, 'train_epochs': 12, 'train_freeze_epochs': 2, 'use_argmargin': 1}",0.8088159075366854
21,"{'adam_eps': 9.220649183298805e-05, 'adam_mom': 0.8356077629958709, 'adam_sqr_mom': 0.9576208794030776, 'adam_wd': 0.009651594525822548, 'arc_easymargin': 0, 'arcface_m': 0.12027164135418221, 'arcface_s': 47.02832396544543, 'bert_path': 'indobenchmark/indobert-base-p2', 'droput_p': 0.4554612108511443, 'embs_dim': 768, 'experiment_id': 21, 'label_smooth': 0.057016748732705284, 'lr': 0.007203352096119997, 'lr_mult': 55.0, 'tokens_max_length': 70, 'train_epochs': 12, 'train_freeze_epochs': 1, 'use_argmargin': 0}",0.8151796704260131
22,"{'adam_eps': 2.2363141681782194e-05, 'adam_mom': 0.8420292745917765, 'adam_sqr_mom': 0.996733821823081, 'adam_wd': 0.03368651102400757, 'arc_easymargin': 0, 'arcface_m': 0.760027133984831, 'arcface_s': 33.209501210578225, 'bert_path': './indobert-base-p2', 'droput_p': 0.14345551245551627, 'embs_dim': 768, 'experiment_id': 22, 'label_smooth': 0.10767302970626741, 'lr': 0.004992479407630831, 'lr_mult': 61.0, 'tokens_max_length': 28, 'train_epochs': 12, 'train_freeze_epochs': 2, 'use_argmargin': 1}",0.8097781584487196
23,"{'adam_eps': 3.1827008136443984e-06, 'adam_mom': 0.9294731474217691, 'adam_sqr_mom': 0.9774396063618089, 'adam_wd': 0.03571636470640436, 'arc_easymargin': 0, 'arcface_m': 0.5027207872065612, 'arcface_s': 24.064649379794453, 'bert_path': './indobert-base-p2', 'droput_p': 0.543620236651402, 'embs_dim': 768, 'experiment_id': 23, 'label_smooth': 0.11541126282592669, 'lr': 0.004397759498160183, 'lr_mult': 47.0, 'tokens_max_length': 29, 'train_epochs': 12, 'train_freeze_epochs': 2, 'use_argmargin': 0}",0.799736121760023
24,"{'adam_eps': 7.034241967816624e-05, 'adam_mom': 0.8092949410925492, 'adam_sqr_mom': 0.9569061931940553, 'adam_wd': 0.027713335077348383, 'arc_easymargin': 0, 'arcface_m': 0.39907477438666583, 'arcface_s': 39.67518374084446, 'bert_path': './indobert-base-p2', 'droput_p': 0.21276113402704278, 'embs_dim': 768, 'experiment_id': 24, 'label_smooth': 0.08967307172793848, 'lr': 0.003929632110032572, 'lr_mult': 58.0, 'tokens_max_length': 41, 'train_epochs': 12, 'train_freeze_epochs': 3, 'use_argmargin': 1}",0.8100276361244078
25,"{'adam_eps': 5.897719658099591e-05, 'adam_mom': 0.8972769771905341, 'adam_sqr_mom': 0.9873101779391057, 'adam_wd': 0.010104761581492223, 'arc_easymargin': 1, 'arcface_m': 0.6664379838805802, 'arcface_s': 14.547518653323346, 'bert_path': './indobert-base-p2', 'droput_p': 0.4854746188434508, 'embs_dim': 768, 'experiment_id': 25, 'label_smooth': 0.13387818218853295, 'lr': 0.009503197164466157, 'lr_mult': 38.0, 'tokens_max_length': 73, 'train_epochs': 12, 'train_freeze_epochs': 1, 'use_argmargin': 0}",0.8018405245177513
26,"{'adam_eps': 5.232950859687431e-05, 'adam_mom': 0.8588142886700858, 'adam_sqr_mom': 0.976622842885057, 'adam_wd': 0.03676256194825534, 'arc_easymargin': 1, 'arcface_m': 0.5603014505359071, 'arcface_s': 43.48392850571754, 'bert_path': './indobert-base-p2', 'droput_p': 0.10041019780685792, 'embs_dim': 768, 'experiment_id': 26, 'label_smooth': 0.10192888215248185, 'lr': 0.0054116417325610865, 'lr_mult': 95.0, 'tokens_max_length': 78, 'train_epochs': 12, 'train_freeze_epochs': 3, 'use_argmargin': 0}",0.8131762469223067
27,"{'adam_eps': 4.1802821302617214e-05, 'adam_mom': 0.9147117334769799, 'adam_sqr_mom': 0.9536628863973363, 'adam_wd': 0.022874712810330832, 'arc_easymargin': 1, 'arcface_m': 0.5305416240767415, 'arcface_s': 16.551292158790535, 'bert_path': './indobert-base-p2', 'droput_p': 0.43565448198711876, 'embs_dim': 768, 'experiment_id': 27, 'label_smooth': 0.006846935316598035, 'lr': 0.009005891325480218, 'lr_mult': 26.0, 'tokens_max_length': 49, 'train_epochs': 12, 'train_freeze_epochs': 1, 'use_argmargin': 0}",0.8041389911114639
28,"{'adam_eps': 3.1011127241757727e-06, 'adam_mom': 0.9066764474787216, 'adam_sqr_mom': 0.9934901880537257, 'adam_wd': 0.01887097635930537, 'arc_easymargin': 0, 'arcface_m': 0.45492213096907685, 'arcface_s': 13.22462167811528, 'bert_path': './indobert-base-p2', 'droput_p': 0.5291550887779402, 'embs_dim': 768, 'experiment_id': 28, 'label_smooth': 0.12585161014926494, 'lr': 0.007970338143492243, 'lr_mult': 63.0, 'tokens_max_length': 66, 'train_epochs': 12, 'train_freeze_epochs': 3, 'use_argmargin': 0}",0.7885168636919863
29,"{'adam_eps': 7.055648695756378e-05, 'adam_mom': 0.9349688626957613, 'adam_sqr_mom': 0.9902439294266951, 'adam_wd': 0.03061726488003828, 'arc_easymargin': 0, 'arcface_m': 0.27582093719634504, 'arcface_s': 31.49814928739012, 'bert_path': './indobert-base-p2', 'droput_p': 0.14384348131385777, 'embs_dim': 768, 'experiment_id': 29, 'label_smooth': 0.05397729283521564, 'lr': 0.0023902341061070613, 'lr_mult': 54.0, 'tokens_max_length': 55, 'train_epochs': 12, 'train_freeze_epochs': 2, 'use_argmargin': 0}",0.8041419392659674
30,"{'adam_eps': 2.6347478315994953e-05, 'adam_mom': 0.9195891301599142, 'adam_sqr_mom': 0.9976320046449272, 'adam_wd': 0.03114338369218705, 'arc_easymargin': 1, 'arcface_m': 0.10809467676730855, 'arcface_s': 44.68866033198077, 'bert_path': './indobert-base-p2', 'droput_p': 0.28446638521974577, 'embs_dim': 768, 'experiment_id': 30, 'label_smooth': 0.09755161913024107, 'lr': 0.0072723341613548965, 'lr_mult': 79.0, 'tokens_max_length': 28, 'train_epochs': 12, 'train_freeze_epochs': 1, 'use_argmargin': 1}",0.7829220422630705
31,"{'adam_eps': 3.630377131332931e-05, 'adam_mom': 0.8385202845453381, 'adam_sqr_mom': 0.9616581066698937, 'adam_wd': 0.04930139385384165, 'arc_easymargin': 1, 'arcface_m': 0.439361240015991, 'arcface_s': 23.588779465120545, 'bert_path': './indobert-base-p2', 'droput_p': 0.4435371728664421, 'embs_dim': 768, 'experiment_id': 31, 'label_smooth': 0.16208941259491336, 'lr': 0.009282033772586816, 'lr_mult': 78.0, 'tokens_max_length': 70, 'train_epochs': 12, 'train_freeze_epochs': 3, 'use_argmargin': 1}",0.8132194897861209
32,"{'adam_eps': 8.28023741597948e-05, 'adam_mom': 0.9178002289072383, 'adam_sqr_mom': 0.9668191633294119, 'adam_wd': 0.019433976998876668, 'arc_easymargin': 1, 'arcface_m': 0.6791140534322618, 'arcface_s': 13.142634430644504, 'bert_path': './indobert-base-p2', 'droput_p': 0.30212741512678526, 'embs_dim': 768, 'experiment_id': 32, 'label_smooth': 0.1643674967432958, 'lr': 0.003795951356922315, 'lr_mult': 82.0, 'tokens_max_length': 24, 'train_epochs': 12, 'train_freeze_epochs': 1, 'use_argmargin': 0}",0.7905521462403919
33,"{'adam_eps': 3.4703344588078567e-06, 'adam_mom': 0.8868365968521195, 'adam_sqr_mom': 0.9699231008759097, 'adam_wd': 0.03904930448185506, 'arc_easymargin': 0, 'arcface_m': 0.5364558541029439, 'arcface_s': 39.703389746037416, 'bert_path': './indobert-base-p2', 'droput_p': 0.11190504121835512, 'embs_dim': 768, 'experiment_id': 33, 'label_smooth': 0.13775905439016162, 'lr': 0.005839604846054906, 'lr_mult': 55.0, 'tokens_max_length': 58, 'train_epochs': 12, 'train_freeze_epochs': 1, 'use_argmargin': 0}",0.8134103392952109
34,"{'adam_eps': 6.625679343407202e-05, 'adam_mom': 0.9436210324997534, 'adam_sqr_mom': 0.9701557263786463, 'adam_wd': 0.03763135625929588, 'arc_easymargin': 1, 'arcface_m': 0.5038849122014519, 'arcface_s': 20.51574368675338, 'bert_path': './indobert-base-p2', 'droput_p': 0.5278309094079635, 'embs_dim': 768, 'experiment_id': 34, 'label_smooth': 0.12306584330922594, 'lr': 0.007022493510365117, 'lr_mult': 62.0, 'tokens_max_length': 80, 'train_epochs': 12, 'train_freeze_epochs': 1, 'use_argmargin': 1}",0.8073725774666657
35,"{'adam_eps': 1.482887318038291e-05, 'adam_mom': 0.8682659616928994, 'adam_sqr_mom': 0.9668028665421933, 'adam_wd': 0.048064306929967625, 'arc_easymargin': 0, 'arcface_m': 0.16128904555267615, 'arcface_s': 11.813418121719174, 'bert_path': './indobert-base-p2', 'droput_p': 0.12705785380375018, 'embs_dim': 768, 'experiment_id': 35, 'label_smooth': 0.07604179958827911, 'lr': 0.008311894435638867, 'lr_mult': 83.0, 'tokens_max_length': 21, 'train_epochs': 12, 'train_freeze_epochs': 1, 'use_argmargin': 1}",0.8011118434830056
36,"{'adam_eps': 9.751807573267326e-05, 'adam_mom': 0.8825305031073707, 'adam_sqr_mom': 0.9610639827354931, 'adam_wd': 0.0463341521546876, 'arc_easymargin': 0, 'arcface_m': 0.2880850115114332, 'arcface_s': 42.2963168112761, 'bert_path': './indobert-base-p2', 'droput_p': 0.17031771187782066, 'embs_dim': 768, 'experiment_id': 36, 'label_smooth': 0.01570419146538873, 'lr': 0.004001512202267932, 'lr_mult': 78.0, 'tokens_max_length': 50, 'train_epochs': 12, 'train_freeze_epochs': 1, 'use_argmargin': 0}",0.806827381971864
37,"{'adam_eps': 4.018702904762738e-05, 'adam_mom': 0.9372544884545608, 'adam_sqr_mom': 0.9530047843330737, 'adam_wd': 0.030201849151961006, 'arc_easymargin': 0, 'arcface_m': 0.5786539745819599, 'arcface_s': 41.39877955805221, 'bert_path': './indobert-base-p2', 'droput_p': 0.5067599723779638, 'embs_dim': 768, 'experiment_id': 37, 'label_smooth': 0.03309925975801047, 'lr': 0.003182202244904327, 'lr_mult': 30.0, 'tokens_max_length': 24, 'train_epochs': 12, 'train_freeze_epochs': 2, 'use_argmargin': 1}",0.7258091658991103
38,"{'adam_eps': 8.739807922600577e-05, 'adam_mom': 0.8055222961340457, 'adam_sqr_mom': 0.9602266180097384, 'adam_wd': 0.0311416047616102, 'arc_easymargin': 0, 'arcface_m': 0.43695447162838386, 'arcface_s': 27.97417544955982, 'bert_path': './indobert-base-p2', 'droput_p': 0.3890647516577741, 'embs_dim': 768, 'experiment_id': 38, 'label_smooth': 0.0531846133466404, 'lr': 0.00882892899256105, 'lr_mult': 51.0, 'tokens_max_length': 27, 'train_epochs': 12, 'train_freeze_epochs': 2, 'use_argmargin': 0}",0.806560202322179
39,"{'adam_eps': 7.299520195743686e-05, 'adam_mom': 0.9102849189781349, 'adam_sqr_mom': 0.9671149036667412, 'adam_wd': 0.01051166685290638, 'arc_easymargin': 0, 'arcface_m': 0.38285192114275124, 'arcface_s': 36.9131802700111, 'bert_path': './indobert-base-p2', 'droput_p': 0.37104734555848395, 'embs_dim': 768, 'experiment_id': 39, 'label_smooth': 0.1539227194802789, 'lr': 0.007991578923745218, 'lr_mult': 26.0, 'tokens_max_length': 20, 'train_epochs': 12, 'train_freeze_epochs': 3, 'use_argmargin': 0}",0.8069130318297414
40,"{'adam_eps': 8.020839585076413e-05, 'adam_mom': 0.8279077299036212, 'adam_sqr_mom': 0.9818311293583967, 'adam_wd': 0.023219928057701535, 'arc_easymargin': 0, 'arcface_m': 0.3420760450883548, 'arcface_s': 19.328116543135046, 'bert_path': './indobert-base-p2', 'droput_p': 0.4437834873247114, 'embs_dim': 768, 'experiment_id': 40, 'label_smooth': 0.03840030002680444, 'lr': 0.006163681509793426, 'lr_mult': 27.0, 'tokens_max_length': 29, 'train_epochs': 12, 'train_freeze_epochs': 3, 'use_argmargin': 1}",0.8088471600721564
41,"{'adam_eps': 4.145348432541432e-05, 'adam_mom': 0.931597833696787, 'adam_sqr_mom': 0.9694091852726082, 'adam_wd': 0.03586794486955254, 'arc_easymargin': 0, 'arcface_m': 0.15093191116924912, 'arcface_s': 14.422649965503233, 'bert_path': './indobert-base-p2', 'droput_p': 0.38325048347305635, 'embs_dim': 768, 'experiment_id': 41, 'label_smooth': 0.0783876508099566, 'lr': 0.0025223511111548804, 'lr_mult': 42.0, 'tokens_max_length': 39, 'train_epochs': 12, 'train_freeze_epochs': 2, 'use_argmargin': 1}",0.8003582123295396
42,"{'adam_eps': 3.9532959707735354e-05, 'adam_mom': 0.813666981626676, 'adam_sqr_mom': 0.9827935264751038, 'adam_wd': 0.04314793174905258, 'arc_easymargin': 1, 'arcface_m': 0.385059453912172, 'arcface_s': 47.880295290573216, 'bert_path': './indobert-base-p2', 'droput_p': 0.13530150001186056, 'embs_dim': 768, 'experiment_id': 42, 'label_smooth': 0.0974526796537159, 'lr': 0.009351229783965711, 'lr_mult': 41.0, 'tokens_max_length': 64, 'train_epochs': 12, 'train_freeze_epochs': 3, 'use_argmargin': 0}",0.8104777551668643
43,"{'adam_eps': 4.315947996389704e-06, 'adam_mom': 0.9380513558567213, 'adam_sqr_mom': 0.9856256431615548, 'adam_wd': 0.007892430809480351, 'arc_easymargin': 0, 'arcface_m': 0.7300495706128353, 'arcface_s': 34.575051458522765, 'bert_path': './indobert-base-p2', 'droput_p': 0.40156916845915114, 'embs_dim': 768, 'experiment_id': 43, 'label_smooth': 0.19032915709129972, 'lr': 0.008889639464137015, 'lr_mult': 75.0, 'tokens_max_length': 20, 'train_epochs': 12, 'train_freeze_epochs': 1, 'use_argmargin': 1}",0.8048494500533261
44,"{'adam_eps': 8.98770742165601e-05, 'adam_mom': 0.8170884821044903, 'adam_sqr_mom': 0.9809580484857385, 'adam_wd': 0.0010805439897771476, 'arc_easymargin': 0, 'arcface_m': 0.39860738615228963, 'arcface_s': 44.51705495084112, 'bert_path': './indobert-base-p2', 'droput_p': 0.2837453716537954, 'embs_dim': 768, 'experiment_id': 44, 'label_smooth': 0.0789226183035005, 'lr': 0.0023751232039067177, 'lr_mult': 77.0, 'tokens_max_length': 28, 'train_epochs': 12, 'train_freeze_epochs': 2, 'use_argmargin': 1}",0.8024760242376354
45,"{'adam_eps': 8.543463173610715e-05, 'adam_mom': 0.8633284595743648, 'adam_sqr_mom': 0.984180405594768, 'adam_wd': 0.010191194699157767, 'arc_easymargin': 1, 'arcface_m': 0.475821586517858, 'arcface_s': 17.590795943947096, 'bert_path': './indobert-base-p2', 'droput_p': 0.21078321653162924, 'embs_dim': 768, 'experiment_id': 45, 'label_smooth': 0.17540338410665904, 'lr': 0.009870411110040986, 'lr_mult': 11.0, 'tokens_max_length': 23, 'train_epochs': 12, 'train_freeze_epochs': 2, 'use_argmargin': 1}",0.8041066119755123
46,"{'adam_eps': 7.477269118735957e-05, 'adam_mom': 0.8735061087521987, 'adam_sqr_mom': 0.9839883110727441, 'adam_wd': 0.04731959201011747, 'arc_easymargin': 1, 'arcface_m': 0.2597486063735504, 'arcface_s': 29.846401694937086, 'bert_path': './indobert-base-p2', 'droput_p': 0.15681008898466592, 'embs_dim': 768, 'experiment_id': 46, 'label_smooth': 0.015426786128610504, 'lr': 0.004073759460998475, 'lr_mult': 16.0, 'tokens_max_length': 78, 'train_epochs': 12, 'train_freeze_epochs': 3, 'use_argmargin': 0}",0.8113443383689517
47,"{'adam_eps': 1.438137174906085e-05, 'adam_mom': 0.8717273430449368, 'adam_sqr_mom': 0.9844975578949817, 'adam_wd': 0.004581689161456394, 'arc_easymargin': 1, 'arcface_m': 0.7008050709030507, 'arcface_s': 24.892834816735817, 'bert_path': './indobert-base-p2', 'droput_p': 0.5063712601517337, 'embs_dim': 768, 'experiment_id': 47, 'label_smooth': 0.0679286179605516, 'lr': 0.009931373102949479, 'lr_mult': 82.0, 'tokens_max_length': 37, 'train_epochs': 12, 'train_freeze_epochs': 2, 'use_argmargin': 1}",0.8126551537890946
48,"{'adam_eps': 5.663123494303147e-05, 'adam_mom': 0.842792716521885, 'adam_sqr_mom': 0.9786570369803228, 'adam_wd': 0.03249923678698649, 'arc_easymargin': 0, 'arcface_m': 0.4247177611846772, 'arcface_s': 12.576176009068632, 'bert_path': './indobert-base-p2', 'droput_p': 0.3666035988144234, 'embs_dim': 768, 'experiment_id': 48, 'label_smooth': 0.08287797784598117, 'lr': 0.0048412669085739594, 'lr_mult': 61.0, 'tokens_max_length': 51, 'train_epochs': 12, 'train_freeze_epochs': 2, 'use_argmargin': 0}",0.7992011395562344
49,"{'adam_eps': 8.444105554005469e-05, 'adam_mom': 0.8858307070368158, 'adam_sqr_mom': 0.9848950493102242, 'adam_wd': 0.005924694354594211, 'arc_easymargin': 0, 'arcface_m': 0.29350443544206173, 'arcface_s': 14.327383650506249, 'bert_path': './indobert-base-p2', 'droput_p': 0.6244510088061217, 'embs_dim': 768, 'experiment_id': 49, 'label_smooth': 0.1263521399951335, 'lr': 0.007873772461045583, 'lr_mult': 83.0, 'tokens_max_length': 63, 'train_epochs': 12, 'train_freeze_epochs': 3, 'use_argmargin': 1}",0.7828240759239082
50,"{'adam_eps': 3.26764117378759e-05, 'adam_mom': 0.9317368578630375, 'adam_sqr_mom': 0.9654021116328089, 'adam_wd': 0.02886217082983228, 'arc_easymargin': 0, 'arcface_m': 0.41594128183750445, 'arcface_s': 22.54547131581002, 'bert_path': './indobert-base-p2', 'droput_p': 0.2591268942207984, 'embs_dim': 768, 'experiment_id': 50, 'label_smooth': 0.18519759176268452, 'lr': 0.006225828781001431, 'lr_mult': 44.0, 'tokens_max_length': 36, 'train_epochs': 12, 'train_freeze_epochs': 1, 'use_argmargin': 1}",0.8134097346032076
51,"{'adam_eps': 3.902003552940349e-05, 'adam_mom': 0.8092441873007207, 'adam_sqr_mom': 0.9555305342682924, 'adam_wd': 0.009948834207862415, 'arc_easymargin': 1, 'arcface_m': 0.504449412339458, 'arcface_s': 19.545066988054934, 'bert_path': './indobert-base-p2', 'droput_p': 0.3152994239689995, 'embs_dim': 768, 'experiment_id': 51, 'label_smooth': 0.10685488730291998, 'lr': 0.002609425085153748, 'lr_mult': 92.0, 'tokens_max_length': 74, 'train_epochs': 12, 'train_freeze_epochs': 2, 'use_argmargin': 0}",0.8101889511340138
52,"{'adam_eps': 5.201472262743254e-05, 'adam_mom': 0.8666077291149688, 'adam_sqr_mom': 0.9788686945160682, 'adam_wd': 0.010457242936320433, 'arc_easymargin': 1, 'arcface_m': 0.32918978370636504, 'arcface_s': 31.507769891100565, 'bert_path': './indobert-base-p2', 'droput_p': 0.44649180629913254, 'embs_dim': 768, 'experiment_id': 52, 'label_smooth': 0.17605482407784062, 'lr': 0.004161245390641517, 'lr_mult': 39.0, 'tokens_max_length': 32, 'train_epochs': 12, 'train_freeze_epochs': 2, 'use_argmargin': 1}",0.8147934537468009
53,"{'adam_eps': 2.2568794338096172e-05, 'adam_mom': 0.8525328827284017, 'adam_sqr_mom': 0.9682081589721999, 'adam_wd': 0.0063023028476184295, 'arc_easymargin': 1, 'arcface_m': 0.5729250827549299, 'arcface_s': 19.349243643142312, 'bert_path': './indobert-base-p2', 'droput_p': 0.28668703961595593, 'embs_dim': 768, 'experiment_id': 53, 'label_smooth': 0.08564225421846168, 'lr': 0.003567296057114167, 'lr_mult': 100.0, 'tokens_max_length': 62, 'train_epochs': 12, 'train_freeze_epochs': 1, 'use_argmargin': 0}",0.8138291909453583
54,"{'adam_eps': 9.58333166456046e-06, 'adam_mom': 0.944424604290458, 'adam_sqr_mom': 0.9887308503472555, 'adam_wd': 0.03890988258881737, 'arc_easymargin': 0, 'arcface_m': 0.2592689130217114, 'arcface_s': 40.35884204905395, 'bert_path': './indobert-base-p2', 'droput_p': 0.12633589719392055, 'embs_dim': 768, 'experiment_id': 54, 'label_smooth': 0.008763794529855118, 'lr': 0.006817262330957223, 'lr_mult': 18.0, 'tokens_max_length': 26, 'train_epochs': 12, 'train_freeze_epochs': 3, 'use_argmargin': 0}",0.7949436851623273
55,"{'adam_eps': 2.703549955790092e-05, 'adam_mom': 0.9162040285245201, 'adam_sqr_mom': 0.9630356187584034, 'adam_wd': 0.043127611374229394, 'arc_easymargin': 0, 'arcface_m': 0.42951757375577204, 'arcface_s': 12.705985920623274, 'bert_path': './indobert-base-p2', 'droput_p': 0.316073338835928, 'embs_dim': 768, 'experiment_id': 55, 'label_smooth': 0.12400997765705524, 'lr': 0.006006097241484112, 'lr_mult': 100.0, 'tokens_max_length': 60, 'train_epochs': 12, 'train_freeze_epochs': 3, 'use_argmargin': 0}",0.8001560259572976
56,"{'adam_eps': 8.052900840835357e-06, 'adam_mom': 0.9440318094020946, 'adam_sqr_mom': 0.9635598397787744, 'adam_wd': 0.004905013059328514, 'arc_easymargin': 1, 'arcface_m': 0.15533367780138624, 'arcface_s': 22.917289397059943, 'bert_path': './indobert-base-p2', 'droput_p': 0.14267251618975746, 'embs_dim': 768, 'experiment_id': 56, 'label_smooth': 0.18400327294456614, 'lr': 0.0021965805792844737, 'lr_mult': 67.0, 'tokens_max_length': 61, 'train_epochs': 12, 'train_freeze_epochs': 2, 'use_argmargin': 1}",0.8077072951768097
57,"{'adam_eps': 3.250374428146218e-05, 'adam_mom': 0.8549435303333914, 'adam_sqr_mom': 0.9626304110399502, 'adam_wd': 0.02270534899748852, 'arc_easymargin': 0, 'arcface_m': 0.1308739852074933, 'arcface_s': 35.979562041715056, 'bert_path': './indobert-base-p2', 'droput_p': 0.5520928728663477, 'embs_dim': 768, 'experiment_id': 57, 'label_smooth': 0.18750411115449117, 'lr': 0.004271630686730154, 'lr_mult': 49.0, 'tokens_max_length': 74, 'train_epochs': 12, 'train_freeze_epochs': 2, 'use_argmargin': 0}",0.8122914645193154
58,"{'adam_eps': 9.871136314814816e-05, 'adam_mom': 0.8220987686091639, 'adam_sqr_mom': 0.9928114860328777, 'adam_wd': 0.026154468484244082, 'arc_easymargin': 1, 'arcface_m': 0.7203409836951227, 'arcface_s': 44.977777751212344, 'bert_path': './indobert-base-p2', 'droput_p': 0.5048657177876986, 'embs_dim': 768, 'experiment_id': 58, 'label_smooth': 0.08014386502857374, 'lr': 0.0016028599683368216, 'lr_mult': 63.0, 'tokens_max_length': 25, 'train_epochs': 12, 'train_freeze_epochs': 1, 'use_argmargin': 0}",0.803376775517008
59,"{'adam_eps': 8.691934202099657e-05, 'adam_mom': 0.8152394375811582, 'adam_sqr_mom': 0.9524615227169608, 'adam_wd': 0.0018753068154476232, 'arc_easymargin': 0, 'arcface_m': 0.4942661329941356, 'arcface_s': 37.182296642676775, 'bert_path': './indobert-base-p2', 'droput_p': 0.36295834224029855, 'embs_dim': 768, 'experiment_id': 59, 'label_smooth': 0.010392562779280134, 'lr': 0.007526132399556768, 'lr_mult': 73.0, 'tokens_max_length': 51, 'train_epochs': 12, 'train_freeze_epochs': 2, 'use_argmargin': 0}",0.811951564413624
60,"{'adam_eps': 8.038369456350094e-06, 'adam_mom': 0.8452289645862038, 'adam_sqr_mom': 0.9942887869416716, 'adam_wd': 0.012152635588395168, 'arc_easymargin': 0, 'arcface_m': 0.14188337205548215, 'arcface_s': 27.976418422282254, 'bert_path': './indobert-base-p2', 'droput_p': 0.10384101066732475, 'embs_dim': 768, 'experiment_id': 60, 'label_smooth': 0.1398960255146594, 'lr': 0.004126146898026336, 'lr_mult': 34.0, 'tokens_max_length': 21, 'train_epochs': 12, 'train_freeze_epochs': 3, 'use_argmargin': 0}",0.7978643984726211
61,"{'adam_eps': 4.19978455329951e-05, 'adam_mom': 0.8560129026589464, 'adam_sqr_mom': 0.9712855418844937, 'adam_wd': 0.033814960094435256, 'arc_easymargin': 0, 'arcface_m': 0.25160658671757097, 'arcface_s': 46.837523895615526, 'bert_path': './indobert-base-p2', 'droput_p': 0.1650701937644377, 'embs_dim': 768, 'experiment_id': 61, 'label_smooth': 0.11899491663896831, 'lr': 0.005618070755598941, 'lr_mult': 75.0, 'tokens_max_length': 76, 'train_epochs': 12, 'train_freeze_epochs': 3, 'use_argmargin': 1}",0.8026123436162937
62,"{'adam_eps': 7.634663920578499e-05, 'adam_mom': 0.8910155888179702, 'adam_sqr_mom': 0.9908882390802978, 'adam_wd': 0.03457697450313321, 'arc_easymargin': 0, 'arcface_m': 0.2766727817905858, 'arcface_s': 12.425133651890086, 'bert_path': './indobert-base-p2', 'droput_p': 0.6847258086342892, 'embs_dim': 768, 'experiment_id': 62, 'label_smooth': 0.13326547738383304, 'lr': 0.007728040378102816, 'lr_mult': 96.0, 'tokens_max_length': 32, 'train_epochs': 12, 'train_freeze_epochs': 2, 'use_argmargin': 1}",0.7500274289745096
63,"{'adam_eps': 1.7348475088734084e-05, 'adam_mom': 0.8843928521272594, 'adam_sqr_mom': 0.9963059207611372, 'adam_wd': 0.03357264818982318, 'arc_easymargin': 0, 'arcface_m': 0.7381158574736767, 'arcface_s': 14.356469921028001, 'bert_path': './indobert-base-p2', 'droput_p': 0.255764586236124, 'embs_dim': 768, 'experiment_id': 63, 'label_smooth': 0.1977193727580428, 'lr': 0.0054186022422563354, 'lr_mult': 20.0, 'tokens_max_length': 67, 'train_epochs': 12, 'train_freeze_epochs': 2, 'use_argmargin': 0}",0.8111651206277957
64,"{'adam_eps': 2.866866366977498e-05, 'adam_mom': 0.935042400794134, 'adam_sqr_mom': 0.9959352800589358, 'adam_wd': 0.01373646642362462, 'arc_easymargin': 1, 'arcface_m': 0.3767455501701604, 'arcface_s': 32.955298429198194, 'bert_path': './indobert-base-p2', 'droput_p': 0.44122509262254417, 'embs_dim': 768, 'experiment_id': 64, 'label_smooth': 0.09535073995162727, 'lr': 0.005517179408237575, 'lr_mult': 47.0, 'tokens_max_length': 28, 'train_epochs': 12, 'train_freeze_epochs': 2, 'use_argmargin': 0}",0.8109054387615376
65,"{'adam_eps': 1.6850782152332762e-05, 'adam_mom': 0.8660856100305316, 'adam_sqr_mom': 0.9536182353764124, 'adam_wd': 0.015132015643140977, 'arc_easymargin': 1, 'arcface_m': 0.21261578529621658, 'arcface_s': 37.03971409350224, 'bert_path': './indobert-base-p2', 'droput_p': 0.11640621293872935, 'embs_dim': 768, 'experiment_id': 65, 'label_smooth': 0.15562613389826227, 'lr': 0.007303517653202142, 'lr_mult': 74.0, 'tokens_max_length': 34, 'train_epochs': 12, 'train_freeze_epochs': 1, 'use_argmargin': 0}",0.80623227315363
66,"{'adam_eps': 3.954039189539227e-05, 'adam_mom': 0.8623868488082881, 'adam_sqr_mom': 0.9807352294080035, 'adam_wd': 0.009544393446911315, 'arc_easymargin': 0, 'arcface_m': 0.40774161843342194, 'arcface_s': 38.31755033714914, 'bert_path': './indobert-base-p2', 'droput_p': 0.6755984412269478, 'embs_dim': 768, 'experiment_id': 66, 'label_smooth': 0.1602221269843225, 'lr': 0.008627676747786039, 'lr_mult': 24.0, 'tokens_max_length': 55, 'train_epochs': 12, 'train_freeze_epochs': 3, 'use_argmargin': 1}",0.8081588130987983
67,"{'adam_eps': 6.401965056942816e-05, 'adam_mom': 0.917201325770984, 'adam_sqr_mom': 0.9755106616336097, 'adam_wd': 0.01587027807140975, 'arc_easymargin': 0, 'arcface_m': 0.2941837396884496, 'arcface_s': 36.75706732757308, 'bert_path': './indobert-base-p2', 'droput_p': 0.35225165544866144, 'embs_dim': 768, 'experiment_id': 67, 'label_smooth': 0.17621429901749136, 'lr': 0.0013060188457489667, 'lr_mult': 93.0, 'tokens_max_length': 38, 'train_epochs': 12, 'train_freeze_epochs': 1, 'use_argmargin': 1}",0.8000101147590829
68,"{'adam_eps': 4.90994570318907e-05, 'adam_mom': 0.9292468408540985, 'adam_sqr_mom': 0.9945805393129621, 'adam_wd': 0.04600618997968287, 'arc_easymargin': 0, 'arcface_m': 0.34505228700007873, 'arcface_s': 18.07418312925464, 'bert_path': './indobert-base-p2', 'droput_p': 0.11373543402069425, 'embs_dim': 768, 'experiment_id': 68, 'label_smooth': 0.16699887018622048, 'lr': 0.007264327534062789, 'lr_mult': 96.0, 'tokens_max_length': 78, 'train_epochs': 12, 'train_freeze_epochs': 3, 'use_argmargin': 0}",0.8214870308658161
69,"{'adam_eps': 9.038203390092593e-05, 'adam_mom': 0.8745305944337395, 'adam_sqr_mom': 0.9872675192841411, 'adam_wd': 0.043220902079584345, 'arc_easymargin': 1, 'arcface_m': 0.7259722801445684, 'arcface_s': 12.305645851431382, 'bert_path': './indobert-base-p2', 'droput_p': 0.6190142214751003, 'embs_dim': 768, 'experiment_id': 69, 'label_smooth': 0.18258201396321372, 'lr': 0.00808667254241199, 'lr_mult': 77.0, 'tokens_max_length': 67, 'train_epochs': 12, 'train_freeze_epochs': 2, 'use_argmargin': 0}",0.7659844585203236
70,"{'adam_eps': 3.1387682747814816e-05, 'adam_mom': 0.8886993589787131, 'adam_sqr_mom': 0.9621274155367012, 'adam_wd': 0.008248460188225552, 'arc_easymargin': 0, 'arcface_m': 0.3390651895081459, 'arcface_s': 15.89353629520967, 'bert_path': './indobert-base-p2', 'droput_p': 0.1638358923390013, 'embs_dim': 768, 'experiment_id': 70, 'label_smooth': 0.16953770351852743, 'lr': 0.008605959129195692, 'lr_mult': 14.0, 'tokens_max_length': 42, 'train_epochs': 12, 'train_freeze_epochs': 1, 'use_argmargin': 1}",0.8089528731905467
71,"{'adam_eps': 9.156906636958222e-05, 'adam_mom': 0.8313972520366841, 'adam_sqr_mom': 0.993289878420561, 'adam_wd': 0.011248769937125109, 'arc_easymargin': 0, 'arcface_m': 0.7669955729565611, 'arcface_s': 42.8893572050861, 'bert_path': './indobert-base-p2', 'droput_p': 0.549186962613513, 'embs_dim': 768, 'experiment_id': 71, 'label_smooth': 0.18787455474258394, 'lr': 0.0019152027568392046, 'lr_mult': 80.0, 'tokens_max_length': 36, 'train_epochs': 12, 'train_freeze_epochs': 2, 'use_argmargin': 1}",0.8067754189649293
72,"{'adam_eps': 2.2979354521275365e-05, 'adam_mom': 0.8350875147668948, 'adam_sqr_mom': 0.9524285086589761, 'adam_wd': 0.02360404144759608, 'arc_easymargin': 1, 'arcface_m': 0.5090692282089545, 'arcface_s': 30.685477142199016, 'bert_path': './indobert-base-p2', 'droput_p': 0.3672755563145673, 'embs_dim': 768, 'experiment_id': 72, 'label_smooth': 0.10877159931884675, 'lr': 0.001351274297424895, 'lr_mult': 74.0, 'tokens_max_length': 46, 'train_epochs': 12, 'train_freeze_epochs': 2, 'use_argmargin': 1}",0.8032011042415494
73,"{'adam_eps': 2.5247717659934776e-05, 'adam_mom': 0.8101342689689321, 'adam_sqr_mom': 0.9934661014433784, 'adam_wd': 0.023193588301685258, 'arc_easymargin': 0, 'arcface_m': 0.5877231914796748, 'arcface_s': 17.96666036217566, 'bert_path': './indobert-base-p2', 'droput_p': 0.30052722497223205, 'embs_dim': 768, 'experiment_id': 73, 'label_smooth': 0.0634246934106977, 'lr': 0.004304481499790239, 'lr_mult': 15.0, 'tokens_max_length': 40, 'train_epochs': 12, 'train_freeze_epochs': 3, 'use_argmargin': 1}",0.8125344504373951
74,"{'adam_eps': 6.596298223200765e-05, 'adam_mom': 0.8022255802153823, 'adam_sqr_mom': 0.9988086067692777, 'adam_wd': 0.01045819171313335, 'arc_easymargin': 1, 'arcface_m': 0.5431062464687352, 'arcface_s': 49.44056970536364, 'bert_path': './indobert-base-p2', 'droput_p': 0.6833639479283193, 'embs_dim': 768, 'experiment_id': 74, 'label_smooth': 0.0137314184058434, 'lr': 0.0024622950365856744, 'lr_mult': 83.0, 'tokens_max_length': 29, 'train_epochs': 12, 'train_freeze_epochs': 3, 'use_argmargin': 0}",0.807243870050147
75,"{'adam_eps': 5.385459838766541e-05, 'adam_mom': 0.9217419366741361, 'adam_sqr_mom': 0.9842984913517057, 'adam_wd': 0.014417525691751597, 'arc_easymargin': 1, 'arcface_m': 0.7588173629465104, 'arcface_s': 10.718951833264946, 'bert_path': './indobert-base-p2', 'droput_p': 0.6058688621033376, 'embs_dim': 768, 'experiment_id': 75, 'label_smooth': 0.19137738068639043, 'lr': 0.0030842186608784927, 'lr_mult': 80.0, 'tokens_max_length': 37, 'train_epochs': 12, 'train_freeze_epochs': 3, 'use_argmargin': 0}",0.7396219878363226
76,"{'adam_eps': 3.578754160274846e-05, 'adam_mom': 0.8930592785296869, 'adam_sqr_mom': 0.9609915142455081, 'adam_wd': 0.01258335858909071, 'arc_easymargin': 0, 'arcface_m': 0.7947568461747381, 'arcface_s': 37.00907621814261, 'bert_path': './indobert-base-p2', 'droput_p': 0.1957853652936315, 'embs_dim': 768, 'experiment_id': 76, 'label_smooth': 0.1046121342380309, 'lr': 0.0076310017986361105, 'lr_mult': 51.0, 'tokens_max_length': 57, 'train_epochs': 12, 'train_freeze_epochs': 2, 'use_argmargin': 1}",0.8137232011573069
77,"{'adam_eps': 7.1494657421843605e-06, 'adam_mom': 0.863334014078169, 'adam_sqr_mom': 0.9739435957757445, 'adam_wd': 0.007923634472905021, 'arc_easymargin': 1, 'arcface_m': 0.17436086131810158, 'arcface_s': 29.791177486110865, 'bert_path': './indobert-base-p2', 'droput_p': 0.6726816079074474, 'embs_dim': 768, 'experiment_id': 77, 'label_smooth': 0.0171202462227809, 'lr': 0.004750489592293678, 'lr_mult': 30.0, 'tokens_max_length': 53, 'train_epochs': 12, 'train_freeze_epochs': 1, 'use_argmargin': 0}",0.7987884374446325
78,"{'adam_eps': 4.86283801878781e-05, 'adam_mom': 0.810886696637259, 'adam_sqr_mom': 0.9640245769013963, 'adam_wd': 0.04078627736140201, 'arc_easymargin': 1, 'arcface_m': 0.24689007198976037, 'arcface_s': 15.654086051568129, 'bert_path': './indobert-base-p2', 'droput_p': 0.4630263170948846, 'embs_dim': 768, 'experiment_id': 78, 'label_smooth': 0.04524227626477979, 'lr': 0.007340543107959557, 'lr_mult': 26.0, 'tokens_max_length': 60, 'train_epochs': 12, 'train_freeze_epochs': 1, 'use_argmargin': 1}",0.8012274577158318
79,"{'adam_eps': 2.2319634101003453e-05, 'adam_mom': 0.9162249444076838, 'adam_sqr_mom': 0.9815025255416117, 'adam_wd': 0.010015935412191118, 'arc_easymargin': 1, 'arcface_m': 0.15749420655147797, 'arcface_s': 43.80825839662017, 'bert_path': './indobert-base-p2', 'droput_p': 0.6160819313550795, 'embs_dim': 768, 'experiment_id': 79, 'label_smooth': 0.107698355724129, 'lr': 0.009832355399900669, 'lr_mult': 33.0, 'tokens_max_length': 53, 'train_epochs': 12, 'train_freeze_epochs': 2, 'use_argmargin': 1}",0.8147050080362701
80,"{'adam_eps': 3.3332142470952975e-05, 'adam_mom': 0.8435597192944349, 'adam_sqr_mom': 0.9904077286041386, 'adam_wd': 0.02554720958542667, 'arc_easymargin': 0, 'arcface_m': 0.4465364807993497, 'arcface_s': 17.944970954180825, 'bert_path': './indobert-base-p2', 'droput_p': 0.19338939808487832, 'embs_dim': 768, 'experiment_id': 80, 'label_smooth': 0.15198465252868176, 'lr': 0.004132132190831942, 'lr_mult': 68.0, 'tokens_max_length': 64, 'train_epochs': 12, 'train_freeze_epochs': 3, 'use_argmargin': 0}",0.8190828545713557
81,"{'adam_eps': 7.801696115469344e-05, 'adam_mom': 0.9352003578026684, 'adam_sqr_mom': 0.9832743500664654, 'adam_wd': 0.014292940324304976, 'arc_easymargin': 1, 'arcface_m': 0.7190133529284956, 'arcface_s': 29.040033110202067, 'bert_path': './indobert-base-p2', 'droput_p': 0.25119039287984507, 'embs_dim': 768, 'experiment_id': 81, 'label_smooth': 0.054800024320587906, 'lr': 0.008779552720700476, 'lr_mult': 94.0, 'tokens_max_length': 25, 'train_epochs': 12, 'train_freeze_epochs': 1, 'use_argmargin': 1}",0.8095346377072685
82,"{'adam_eps': 4.56395758032304e-05, 'adam_mom': 0.9482102507324223, 'adam_sqr_mom': 0.968086395684203, 'adam_wd': 0.0453624505392774, 'arc_easymargin': 1, 'arcface_m': 0.3504414449926112, 'arcface_s': 40.24099318808303, 'bert_path': './indobert-base-p2', 'droput_p': 0.33482676065654304, 'embs_dim': 768, 'experiment_id': 82, 'label_smooth': 0.06627187955725011, 'lr': 0.003206385918106316, 'lr_mult': 10.0, 'tokens_max_length': 54, 'train_epochs': 12, 'train_freeze_epochs': 3, 'use_argmargin': 1}",0.8129566821951033
83,"{'adam_eps': 1.6298212714455393e-05, 'adam_mom': 0.9012862642361584, 'adam_sqr_mom': 0.9884493278937725, 'adam_wd': 0.009113624685087841, 'arc_easymargin': 0, 'arcface_m': 0.6376815641616395, 'arcface_s': 25.289963344525294, 'bert_path': './indobert-base-p2', 'droput_p': 0.33637140506169116, 'embs_dim': 768, 'experiment_id': 83, 'label_smooth': 0.19587536460105573, 'lr': 0.002423658567801165, 'lr_mult': 53.0, 'tokens_max_length': 59, 'train_epochs': 12, 'train_freeze_epochs': 3, 'use_argmargin': 1}",0.8155165070074105
84,"{'adam_eps': 6.343289238301966e-06, 'adam_mom': 0.907138188822106, 'adam_sqr_mom': 0.9552797988275756, 'adam_wd': 0.03412430235972282, 'arc_easymargin': 1, 'arcface_m': 0.33858289477446946, 'arcface_s': 35.00361540912006, 'bert_path': './indobert-base-p2', 'droput_p': 0.5423663576310312, 'embs_dim': 768, 'experiment_id': 84, 'label_smooth': 0.016090254882795054, 'lr': 0.0038965399824668024, 'lr_mult': 13.0, 'tokens_max_length': 41, 'train_epochs': 12, 'train_freeze_epochs': 1, 'use_argmargin': 1}",0.7995519524975016
85,"{'adam_eps': 4.576907855263016e-06, 'adam_mom': 0.808992493015877, 'adam_sqr_mom': 0.95733466217921, 'adam_wd': 0.028783959468937984, 'arc_easymargin': 0, 'arcface_m': 0.263599253259932, 'arcface_s': 34.17601748759855, 'bert_path': './indobert-base-p2', 'droput_p': 0.663379220950244, 'embs_dim': 768, 'experiment_id': 85, 'label_smooth': 0.05164950000832511, 'lr': 0.0016282894108826385, 'lr_mult': 13.0, 'tokens_max_length': 61, 'train_epochs': 12, 'train_freeze_epochs': 3, 'use_argmargin': 1}",0.7880360735939144
86,"{'adam_eps': 9.248777400034737e-05, 'adam_mom': 0.8926175018124908, 'adam_sqr_mom': 0.9869197467161609, 'adam_wd': 0.04703678605952818, 'arc_easymargin': 0, 'arcface_m': 0.45399731723872505, 'arcface_s': 29.338789240063456, 'bert_path': './indobert-base-p2', 'droput_p': 0.1887947471724244, 'embs_dim': 768, 'experiment_id': 86, 'label_smooth': 0.15067348388643972, 'lr': 0.007283264627412193, 'lr_mult': 12.0, 'tokens_max_length': 51, 'train_epochs': 12, 'train_freeze_epochs': 2, 'use_argmargin': 0}",0.8142262540693116
87,"{'adam_eps': 9.347731283823375e-05, 'adam_mom': 0.8784377027811493, 'adam_sqr_mom': 0.9885334507490322, 'adam_wd': 0.02834620860571688, 'arc_easymargin': 0, 'arcface_m': 0.7381595474975826, 'arcface_s': 17.25367489904931, 'bert_path': './indobert-base-p2', 'droput_p': 0.2785503795903673, 'embs_dim': 768, 'experiment_id': 87, 'label_smooth': 0.11446281719569379, 'lr': 0.005272635292714404, 'lr_mult': 73.0, 'tokens_max_length': 31, 'train_epochs': 12, 'train_freeze_epochs': 1, 'use_argmargin': 0}",0.8128233692186643
88,"{'adam_eps': 3.610894509903817e-05, 'adam_mom': 0.8955597185186589, 'adam_sqr_mom': 0.9533508852464552, 'adam_wd': 0.00829873994151557, 'arc_easymargin': 0, 'arcface_m': 0.22530537089985805, 'arcface_s': 27.02986384170668, 'bert_path': './indobert-base-p2', 'droput_p': 0.21610093677670214, 'embs_dim': 768, 'experiment_id': 88, 'label_smooth': 0.07274698728602409, 'lr': 0.007678491924001989, 'lr_mult': 94.0, 'tokens_max_length': 32, 'train_epochs': 12, 'train_freeze_epochs': 3, 'use_argmargin': 0}",0.8123358654157392
89,"{'adam_eps': 6.675704517250746e-05, 'adam_mom': 0.9373881701202232, 'adam_sqr_mom': 0.9804286005892914, 'adam_wd': 0.018070007559407457, 'arc_easymargin': 1, 'arcface_m': 0.46683697159188586, 'arcface_s': 17.896118340750967, 'bert_path': './indobert-base-p2', 'droput_p': 0.2030087184315118, 'embs_dim': 768, 'experiment_id': 89, 'label_smooth': 0.07510691001036403, 'lr': 0.007969238128952892, 'lr_mult': 82.0, 'tokens_max_length': 63, 'train_epochs': 12, 'train_freeze_epochs': 3, 'use_argmargin': 1}",0.8183885465673851
90,"{'adam_eps': 6.194139738015311e-05, 'adam_mom': 0.900752168457303, 'adam_sqr_mom': 0.9897464198283157, 'adam_wd': 0.0252241565058845, 'arc_easymargin': 0, 'arcface_m': 0.3826347111113154, 'arcface_s': 34.85285011209389, 'bert_path': './indobert-base-p2', 'droput_p': 0.6179256168653405, 'embs_dim': 768, 'experiment_id': 90, 'label_smooth': 0.1741711540111449, 'lr': 0.00900678486531497, 'lr_mult': 72.0, 'tokens_max_length': 70, 'train_epochs': 12, 'train_freeze_epochs': 2, 'use_argmargin': 1}",0.8165955400657634
91,"{'adam_eps': 2.4965016406285112e-05, 'adam_mom': 0.8532539450026234, 'adam_sqr_mom': 0.9546149502957146, 'adam_wd': 0.0012296099772936702, 'arc_easymargin': 0, 'arcface_m': 0.24721514892396315, 'arcface_s': 24.15205012635632, 'bert_path': './indobert-base-p2', 'droput_p': 0.5811790008936673, 'embs_dim': 768, 'experiment_id': 91, 'label_smooth': 0.1204552266763108, 'lr': 0.008162312175374501, 'lr_mult': 55.0, 'tokens_max_length': 75, 'train_epochs': 12, 'train_freeze_epochs': 1, 'use_argmargin': 1}",0.7986223017624453
92,"{'adam_eps': 1.1862361700620257e-05, 'adam_mom': 0.9238037993284465, 'adam_sqr_mom': 0.9792544631850115, 'adam_wd': 0.03126823325764792, 'arc_easymargin': 0, 'arcface_m': 0.7187813972233812, 'arcface_s': 24.82500347250219, 'bert_path': './indobert-base-p2', 'droput_p': 0.5382643209088025, 'embs_dim': 768, 'experiment_id': 92, 'label_smooth': 0.08438045674582986, 'lr': 0.007526235450432728, 'lr_mult': 96.0, 'tokens_max_length': 57, 'train_epochs': 12, 'train_freeze_epochs': 3, 'use_argmargin': 1}",0.8071952513323936
93,"{'adam_eps': 7.33292029798659e-05, 'adam_mom': 0.8247683284162015, 'adam_sqr_mom': 0.9826009267152875, 'adam_wd': 0.029208494926790268, 'arc_easymargin': 0, 'arcface_m': 0.1411272547318004, 'arcface_s': 15.26543523920973, 'bert_path': './indobert-base-p2', 'droput_p': 0.10174875397667023, 'embs_dim': 768, 'experiment_id': 93, 'label_smooth': 0.029299747205782812, 'lr': 0.0013886219329876169, 'lr_mult': 14.0, 'tokens_max_length': 34, 'train_epochs': 12, 'train_freeze_epochs': 2, 'use_argmargin': 0}",0.8107562726536786
94,"{'adam_eps': 3.68439665480639e-05, 'adam_mom': 0.8351587787471564, 'adam_sqr_mom': 0.9803500580882017, 'adam_wd': 0.040555592917670344, 'arc_easymargin': 0, 'arcface_m': 0.6545613309272283, 'arcface_s': 47.262138397435876, 'bert_path': './indobert-base-p2', 'droput_p': 0.6939611734016325, 'embs_dim': 768, 'experiment_id': 94, 'label_smooth': 0.12685783622045838, 'lr': 0.0022222633426277325, 'lr_mult': 25.0, 'tokens_max_length': 68, 'train_epochs': 12, 'train_freeze_epochs': 3, 'use_argmargin': 0}",0.5119609852241513
95,"{'adam_eps': 5.56131011159516e-05, 'adam_mom': 0.8656267791571652, 'adam_sqr_mom': 0.9648032144325713, 'adam_wd': 0.018244980877326684, 'arc_easymargin': 1, 'arcface_m': 0.4822423856379652, 'arcface_s': 32.77218162755515, 'bert_path': './indobert-base-p2', 'droput_p': 0.49499891101234683, 'embs_dim': 768, 'experiment_id': 95, 'label_smooth': 0.13431939548800756, 'lr': 0.0021192575385528354, 'lr_mult': 51.0, 'tokens_max_length': 50, 'train_epochs': 12, 'train_freeze_epochs': 3, 'use_argmargin': 1}",0.8088640447082738
96,"{'adam_eps': 2.9514892547548086e-05, 'adam_mom': 0.8507955057362505, 'adam_sqr_mom': 0.9538105347653775, 'adam_wd': 0.04895470239692358, 'arc_easymargin': 0, 'arcface_m': 0.5578318696777436, 'arcface_s': 10.456810157690688, 'bert_path': './indobert-base-p2', 'droput_p': 0.22784914555232402, 'embs_dim': 768, 'experiment_id': 96, 'label_smooth': 0.04318128037915432, 'lr': 0.007550362864210009, 'lr_mult': 50.0, 'tokens_max_length': 60, 'train_epochs': 12, 'train_freeze_epochs': 1, 'use_argmargin': 0}",0.7989573131349803
97,"{'adam_eps': 1.2780602456069428e-05, 'adam_mom': 0.9206270491978659, 'adam_sqr_mom': 0.9825775861915391, 'adam_wd': 0.049919048469874244, 'arc_easymargin': 0, 'arcface_m': 0.1823290168073099, 'arcface_s': 25.059005348010608, 'bert_path': './indobert-base-p2', 'droput_p': 0.20459112870173415, 'embs_dim': 768, 'experiment_id': 97, 'label_smooth': 0.17248339132034934, 'lr': 0.0016167115535787781, 'lr_mult': 61.0, 'tokens_max_length': 35, 'train_epochs': 12, 'train_freeze_epochs': 1, 'use_argmargin': 0}",0.8068322386671107
98,"{'adam_eps': 5.4190431612445506e-05, 'adam_mom': 0.9078976764307017, 'adam_sqr_mom': 0.9941416027732205, 'adam_wd': 0.018109858650582344, 'arc_easymargin': 1, 'arcface_m': 0.6209355535920197, 'arcface_s': 39.06444533361416, 'bert_path': './indobert-base-p2', 'droput_p': 0.6732444368657378, 'embs_dim': 768, 'experiment_id': 98, 'label_smooth': 0.09899770826456483, 'lr': 0.004900965021069915, 'lr_mult': 28.0, 'tokens_max_length': 71, 'train_epochs': 12, 'train_freeze_epochs': 2, 'use_argmargin': 0}",0.8162415117648022
99,"{'adam_eps': 3.378451254295415e-05, 'adam_mom': 0.8133852440362133, 'adam_sqr_mom': 0.9651161525057349, 'adam_wd': 0.02481402628247211, 'arc_easymargin': 0, 'arcface_m': 0.5998051762418917, 'arcface_s': 23.830767885163628, 'bert_path': './indobert-base-p2', 'droput_p': 0.46830205909044065, 'embs_dim': 768, 'experiment_id': 99, 'label_smooth': 0.02614391003682386, 'lr': 0.005497722553660099, 'lr_mult': 14.0, 'tokens_max_length': 43, 'train_epochs': 12, 'train_freeze_epochs': 3, 'use_argmargin': 0}",0.8077047379751041
